review,sentiment
Works perfectly and looks great,positive
"One star, will not buy again",negative
Works perfectly and looks great,positive
Terrible quality and poor service,negative
Very satisfied with my purchase,positive
Quality is awful,negative
Best purchase I have made,positive
Quality is awful,negative
Fantastic quality and great value,positive
Poor packaging and late delivery,negative
Best purchase I have made,positive
Extremely unhappy with this purchase,negative
Very satisfied with my purchase,positive
Quality is awful,negative
Super happy with this product,positive
Not worth the price,negative
"Five stars, will buy again",positive
Extremely unhappy with this purchase,negative
Excellent experience and fast delivery,positive
Not worth the price,negative
Amazing product and great quality,positive
Completely disappointed with this product,negative
Works perfectly and looks great,positive
Extremely unhappy with this purchase,negative
Best purchase I have made,positive
"Very bad experience, not recommended",negative
"Five stars, will buy again",positive
Quality is awful,negative
Fantastic quality and great value,positive
Completely disappointed with this product,negative
Fantastic quality and great value,positive
Completely disappointed with this product,negative
Absolutely wonderful experience,positive
"Very bad experience, not recommended",negative
"I love this item, highly recommend it",positive
Completely disappointed with this product,negative
Works perfectly and looks great,positive
Extremely unhappy with this purchase,negative
Amazing product and great quality,positive
Not worth the price,negative
Absolutely wonderful experience,positive
Quality is awful,negative
Excellent experience and fast delivery,positive
Not worth the price,negative
Super happy with this product,positive
Poor packaging and late delivery,negative
Super happy with this product,positive
Not worth the price,negative
"Five stars, will buy again",positive
Extremely unhappy with this purchase,negative
Fantastic quality and great value,positive
Poor packaging and late delivery,negative
Best purchase I have made,positive
Completely disappointed with this product,negative
Super happy with this product,positive
"One star, will not buy again",negative
Best purchase I have made,positive
Quality is awful,negative
"I love this item, highly recommend it",positive
Terrible quality and poor service,negative
Best purchase I have made,positive
Poor packaging and late delivery,negative
Absolutely wonderful experience,positive
Extremely unhappy with this purchase,negative
"Five stars, will buy again",positive
Poor packaging and late delivery,negative
"I love this item, highly recommend it",positive
Waste of money and time,negative
Works perfectly and looks great,positive
Product stopped working quickly,negative
Excellent experience and fast delivery,positive
Quality is awful,negative
"Five stars, will buy again",positive
Not worth the price,negative
Absolutely wonderful experience,positive
Not worth the price,negative
Super happy with this product,positive
Terrible quality and poor service,negative
Fantastic quality and great value,positive
Poor packaging and late delivery,negative
Works perfectly and looks great,positive
Poor packaging and late delivery,negative
Best purchase I have made,positive
Terrible quality and poor service,negative
Absolutely wonderful experience,positive
Waste of money and time,negative
Amazing product and great quality,positive
Waste of money and time,negative
Fantastic quality and great value,positive
Poor packaging and late delivery,negative
Very satisfied with my purchase,positive
Completely disappointed with this product,negative
Excellent experience and fast delivery,positive
Extremely unhappy with this purchase,negative
"I love this item, highly recommend it",positive
Not worth the price,negative
"I love this item, highly recommend it",positive
Poor packaging and late delivery,negative
Best purchase I have made,positive
Completely disappointed with this product,negative
Absolutely wonderful experience,positive
Extremely unhappy with this purchase,negative
Very satisfied with my purchase,positive
Completely disappointed with this product,negative
Best purchase I have made,positive
Quality is awful,negative
Super happy with this product,positive
Quality is awful,negative
"Five stars, will buy again",positive
Not worth the price,negative
Fantastic quality and great value,positive
Completely disappointed with this product,negative
Excellent experience and fast delivery,positive
"One star, will not buy again",negative
Best purchase I have made,positive
Quality is awful,negative
Works perfectly and looks great,positive
"Very bad experience, not recommended",negative
Works perfectly and looks great,positive
Poor packaging and late delivery,negative
"Five stars, will buy again",positive
Product stopped working quickly,negative
Best purchase I have made,positive
Extremely unhappy with this purchase,negative
Best purchase I have made,positive
Product stopped working quickly,negative
"I love this item, highly recommend it",positive
Product stopped working quickly,negative
Super happy with this product,positive
Not worth the price,negative
Very satisfied with my purchase,positive
Quality is awful,negative
Amazing product and great quality,positive
Extremely unhappy with this purchase,negative
Very satisfied with my purchase,positive
Terrible quality and poor service,negative
Works perfectly and looks great,positive
"One star, will not buy again",negative
Best purchase I have made,positive
Poor packaging and late delivery,negative
Absolutely wonderful experience,positive
Extremely unhappy with this purchase,negative
Works perfectly and looks great,positive
Completely disappointed with this product,negative
Excellent experience and fast delivery,positive
Poor packaging and late delivery,negative
Best purchase I have made,positive
"One star, will not buy again",negative
Super happy with this product,positive
Extremely unhappy with this purchase,negative
Best purchase I have made,positive
Completely disappointed with this product,negative
Fantastic quality and great value,positive
Poor packaging and late delivery,negative
Amazing product and great quality,positive
Product stopped working quickly,negative
Best purchase I have made,positive
Waste of money and time,negative
"I love this item, highly recommend it",positive
"Very bad experience, not recommended",negative
Works perfectly and looks great,positive
Waste of money and time,negative
Very satisfied with my purchase,positive
Terrible quality and poor service,negative
Super happy with this product,positive
Waste of money and time,negative
Absolutely wonderful experience,positive
"One star, will not buy again",negative
"Five stars, will buy again",positive
"One star, will not buy again",negative
Very satisfied with my purchase,positive
Product stopped working quickly,negative
Excellent experience and fast delivery,positive
Terrible quality and poor service,negative
Very satisfied with my purchase,positive
Waste of money and time,negative
Absolutely wonderful experience,positive
Terrible quality and poor service,negative
Very satisfied with my purchase,positive
Quality is awful,negative
Fantastic quality and great value,positive
"Very bad experience, not recommended",negative
Amazing product and great quality,positive
Extremely unhappy with this purchase,negative
"Five stars, will buy again",positive
"One star, will not buy again",negative
Amazing product and great quality,positive
"One star, will not buy again",negative
Fantastic quality and great value,positive
Waste of money and time,negative
Excellent experience and fast delivery,positive
Quality is awful,negative
Works perfectly and looks great,positive
Poor packaging and late delivery,negative
Excellent experience and fast delivery,positive
Completely disappointed with this product,negative
Amazing product and great quality,positive
Extremely unhappy with this purchase,negative
"Five stars, will buy again",positive
Poor packaging and late delivery,negative
